,revenue,gross margin,ebit,taxes,capex,working_capital,fcf
2026,44.0,0.55,16.72,2.8424,2.2,1.13327,12.08433
2027,50.275317646701474,0.56,19.85875047044708,3.375987579976004,2.513765882335074,0.6275317646701478,15.101101361100408
2028,57.44562646538028,0.5700000000000001,23.552706850805915,4.0039601646370055,2.8722813232690143,0.7170308818678803,17.970031407320327
2029,65.63857086274442,0.58,27.896392616666375,4.742386744833285,3.281928543137221,0.8192944397364145,21.35013286915551
2030,75.0,0.59,32.99999999999999,5.61,3.75,0.9361429137255578,25.328857086274436
2031,81.0,0.59,35.63999999999999,6.058799999999999,4.05,0.6,27.76619999999999
2032,86.589,0.59,38.09915999999999,6.476857199999999,4.32945,0.5589,29.76456779999999
2033,91.611162,0.59,40.30891127999999,6.8525149176,4.5805581,0.5022162,31.580012732399993
2034,95.916886614,0.59,42.20343011016,7.1745831187272,4.7958443307,0.43057246140000005,33.1595212308228
2035,99.369894532104,0.59,43.722753594125756,7.432868111001379,4.968494726605201,0.3453007918104004,34.45403627333241
